date,code,open,high,low,close,preclose,volume,amount,adjustflag,turn,tradestatus,pctChg,isST
2019-09-03,sh.000001,2925.942,2930.153,2915.197,2930.153,2924.106,18900121600.0,225070157824.0,3,0.547465,1,0.2068,0
2019-09-04,sh.000001,2927.747,2957.411,2925.882,2957.411,2930.153,22549590784.0,251212693504.0,3,0.653169,1,0.9303,0
2019-09-05,sh.000001,2972.661,3015.844,2972.661,2985.864,2957.411,30543870720.0,340200665088.0,3,0.884732,1,0.9621,0
2019-09-06,sh.000001,2996.621,2999.943,2981.598,2999.601,2985.864,21682603520.0,258318745600.0,3,0.627755,1,0.4601,0
2019-09-09,sh.000001,3023.778,3026.239,3005.694,3024.738,2999.601,24337775104.0,286236532736.0,3,0.704628,1,0.838,0
2019-09-10,sh.000001,3027.41,3027.41,3005.382,3021.202,3024.738,24001294592.0,275321753600.0,3,0.694773,1,-0.1169,0
2019-09-11,sh.000001,3029.933,3030.557,3004.215,3008.811,3021.202,22983736320.0,263389556736.0,3,0.665313,1,-0.4101,0
2019-09-12,sh.000001,3016.626,3033.473,3005.194,3031.235,3008.811,19696870144.0,224576024576.0,3,0.570153,1,0.7453,0
2019-09-16,sh.000001,3041.922,3042.928,3020.049,3030.754,3031.235,22187895808.0,237442265088.0,3,0.64221,1,-0.0159,0
2019-09-17,sh.000001,3023.71,3023.71,2970.57,2978.117,3030.754,22333806080.0,237738934272.0,3,0.646327,1,-1.7368,0
2019-09-18,sh.000001,2984.083,2996.402,2982.4,2985.658,2978.117,16804669952.0,199953633280.0,3,0.486314,1,0.2532,0
2019-09-19,sh.000001,2992.922,2999.278,2975.397,2999.278,2985.658,16269061632.0,193206550528.0,3,0.470814,1,0.4562,0
2019-09-20,sh.000001,3004.814,3011.34,2996.192,3006.446,2999.278,18214530304.0,218390585344.0,3,0.52703,1,0.239,0
2019-09-23,sh.000001,2998.399,2998.399,2960.827,2977.076,3006.446,16813945088.0,199130550272.0,3,0.486477,1,-0.9769,0
2019-09-24,sh.000001,2979.475,3002.896,2973.76,2985.34,2977.076,16390276096.0,206245806080.0,3,0.474097,1,0.2776,0
2019-09-25,sh.000001,2977.667,2977.667,2955.432,2955.432,2985.34,16854313472.0,203782754304.0,3,0.487505,1,-1.0018,0
2019-09-26,sh.000001,2964.477,2970.035,2928.258,2929.087,2955.432,18893254144.0,216277561344.0,3,0.546479,1,-0.8914,0
2019-09-27,sh.000001,2929.486,2939.078,2920.93,2932.167,2929.087,13290577664.0,153311002624.0,3,0.384209,1,0.1052,0
2019-09-30,sh.000001,2927.916,2936.482,2905.189,2905.189,2932.167,11664681216.0,142591700992.0,3,0.337195,1,-0.9201,0
2019-10-08,sh.000001,2905.755,2933.016,2905.755,2913.57,2905.189,12553581312.0,151980793856.0,3,0.362423,1,0.2885,0
2019-10-09,sh.000001,2902.075,2924.856,2891.539,2924.856,2913.57,13042414336.0,150940229632.0,3,0.376528,1,0.3874,0
2019-10-10,sh.000001,2923.706,2949.24,2918.228,2947.71,2924.856,13423975168.0,157159976960.0,3,0.387534,1,0.7814,0
2019-10-11,sh.000001,2954.818,2980.787,2943.013,2973.655,2947.71,16120374528.0,182747394048.0,3,0.465375,1,0.8802,0
2019-10-14,sh.000001,2993.961,3026.383,2989.812,3007.883,2973.655,20861480192.0,221201756160.0,3,0.602169,1,1.151,0
2019-10-15,sh.000001,3005.664,3005.664,2986.303,2991.045,3007.883,15537690368.0,169531932672.0,3,0.448403,1,-0.5598,0
2019-10-16,sh.000001,2992.61,3010.424,2975.923,2978.712,2991.045,14988549632.0,166791548928.0,3,0.432356,1,-0.4123,0
2019-10-17,sh.000001,2979.992,2986.719,2969.568,2977.334,2978.712,12252761344.0,136051253248.0,3,0.353441,1,-0.0463,0
2019-10-18,sh.000001,2982.341,2987.203,2933.242,2938.141,2977.334,14999067904.0,162018271232.0,3,0.432561,1,-1.3164,0
2019-10-21,sh.000001,2933.896,2940.324,2917.688,2939.617,2938.141,13247510784.0,145685880832.0,3,0.38182,1,0.0502,0
2019-10-22,sh.000001,2945.6,2954.641,2934.387,2954.379,2939.617,11748204800.0,130381742080.0,3,0.338607,1,0.5022,0
2019-10-23,sh.000001,2952.969,2957.299,2934.627,2941.618,2954.379,12381288192.0,139653652480.0,3,0.356853,1,-0.4319,0
2019-10-24,sh.000001,2944.006,2953.044,2927.061,2940.921,2941.618,12654029056.0,141667233792.0,3,0.364714,1,-0.0237,0
2019-10-25,sh.000001,2940.474,2958.24,2920.519,2954.932,2940.921,13686070528.0,160224092160.0,3,0.394451,1,0.4764,0
2019-10-28,sh.000001,2958.686,2980.128,2956.96,2980.049,2954.932,17373148160.0,198817013760.0,3,0.500695,1,0.85,0
2019-10-29,sh.000001,2979.036,2979.036,2954.176,2954.176,2980.049,16611005696.0,195288080384.0,3,0.478501,1,-0.8682,0
2019-10-30,sh.000001,2949.463,2953.298,2934.827,2939.32,2954.176,15879811072.0,181529501696.0,3,0.457433,1,-0.5029,0
2019-10-31,sh.000001,2944.842,2946.752,2923.516,2929.056,2939.32,16157148416.0,181801938944.0,3,0.465421,1,-0.3492,0
2019-11-01,sh.000001,2924.34,2959.833,2917.145,2958.199,2929.056,15990737408.0,175630839808.0,3,0.460617,1,0.994962,0
2019-11-04,sh.000001,2964.576,2983.058,2964.576,2975.491,2958.199,16724836352.0,188710096896.0,3,0.481609,1,0.584545,0
2019-11-05,sh.000001,2977.704,3008.314,2968.032,2991.562,2975.491,17989159424.0,203691630592.0,3,0.518017,1,0.540113,0
2019-11-06,sh.000001,2992.039,2995.562,2969.724,2978.595,2991.562,16526354688.0,183985238016.0,3,0.476011,1,-0.433452,0
2019-11-07,sh.000001,2978.153,2988.955,2969.12,2978.714,2978.595,13695267840.0,155834875904.0,3,0.394467,1,0.003995,0
2019-11-08,sh.000001,2993.977,2998.759,2962.844,2964.184,2978.714,14974210816.0,173867229184.0,3,0.431255,1,-0.487794,0
2019-11-11,sh.000001,2949.961,2949.961,2906.769,2909.974,2964.184,15791610624.0,166285139968.0,3,0.45469,1,-1.828834,0
2019-11-12,sh.000001,2912.995,2918.303,2891.51,2914.823,2909.974,12972915456.0,139060727808.0,3,0.373409,1,0.166634,0
2019-11-13,sh.000001,2913.019,2913.861,2893.971,2905.24,2914.823,12976584192.0,146943635456.0,3,0.373513,1,-0.328768,0
2019-11-14,sh.000001,2907.735,2917.374,2899.618,2909.869,2905.24,12914544896.0,151576182784.0,3,0.371728,1,0.159333,0
2019-11-15,sh.000001,2911.35,2917.829,2891.204,2891.343,2909.869,13551946240.0,152576393216.0,3,0.389974,1,-0.636661,0
2019-11-18,sh.000001,2889.549,2911.378,2884.088,2909.2,2891.343,12443317760.0,144677412864.0,3,0.357913,1,0.617602,0
2019-11-19,sh.000001,2904.278,2933.99,2902.855,2933.99,2909.2,13541760512.0,155770740736.0,3,0.388319,1,0.852124,0
2019-11-20,sh.000001,2928.106,2930.492,2907.422,2911.053,2933.99,13735752960.0,158543196160.0,3,0.393881,1,-0.781768,0
2019-11-21,sh.000001,2902.552,2910.36,2891.531,2903.637,2911.053,12345860608.0,139851206656.0,3,0.35393,1,-0.254753,0
2019-11-22,sh.000001,2906.243,2925.017,2873.99,2885.288,2903.637,15862336512.0,180593827840.0,3,0.454717,1,-0.631932,0
2019-11-25,sh.000001,2885.613,2906.609,2880.654,2906.168,2885.288,17858742784.0,174234583040.0,3,0.511791,1,0.723671,0
2019-11-26,sh.000001,2912.52,2915.041,2897.927,2907.06,2906.168,17000466432.0,165496766464.0,3,0.487293,1,0.030693,0
2019-11-27,sh.000001,2905.395,2914.486,2893.417,2903.194,2907.06,13386220544.0,137449697280.0,3,0.383431,1,-0.132987,0
2019-11-28,sh.000001,2902.364,2909.839,2883.433,2889.693,2903.194,11952246784.0,122616545280.0,3,0.342338,1,-0.46504,0
2019-11-29,sh.000001,2885.974,2892.388,2858.58,2871.981,2889.693,12261296896.0,140371316736.0,3,0.351132,1,-0.612937,0
2019-12-02,sh.000001,2874.448,2888.889,2870.242,2875.807,2871.981,12875580672.0,139351760896.0,3,0.368612,1,0.133218,0
2019-12-03,sh.000001,2869.882,2884.855,2857.32,2884.698,2875.807,12377874176.0,135278612480.0,3,0.354411,1,0.309165,0
2019-12-04,sh.000001,2876.907,2882.498,2869.421,2878.115,2884.698,12554365184.0,135879221248.0,3,0.359458,1,-0.228204,0
2019-12-05,sh.000001,2886.516,2902.002,2885.079,2899.468,2878.115,14316309504.0,159736594432.0,3,0.409906,1,0.741909,0
2019-12-06,sh.000001,2902.278,2912.013,2894.751,2912.013,2899.468,13412887808.0,149507334144.0,3,0.384016,1,0.432666,0
2019-12-09,sh.000001,2914.457,2919.588,2905.25,2914.477,2912.013,16079652608.0,174546477056.0,3,0.460063,1,0.084615,0
2019-12-10,sh.000001,2908.943,2919.201,2902.789,2917.315,2914.477,17012399872.0,180617289728.0,3,0.486765,1,0.097376,0
2019-12-11,sh.000001,2922.602,2928.256,2915.0,2924.417,2917.315,16554108672.0,175716089856.0,3,0.473378,1,0.243443,0
2019-12-12,sh.000001,2926.341,2926.341,2913.475,2915.698,2924.417,15176080384.0,166044164096.0,3,0.433972,1,-0.298145,0
2019-12-13,sh.000001,2937.776,2969.98,2935.849,2967.676,2915.698,21197858560.0,234036543488.0,3,0.606294,1,1.782695,0
2019-12-16,sh.000001,2970.969,2984.641,2958.706,2984.392,2967.676,21186211840.0,237666762752.0,3,0.605832,1,0.563269,0
2019-12-17,sh.000001,2985.261,3039.383,2982.495,3022.421,2984.392,29303225344.0,302090899456.0,3,0.837834,1,1.274263,0
2019-12-18,sh.000001,3021.465,3033.233,3011.72,3017.044,3022.421,24408969216.0,259173629952.0,3,0.697822,1,-0.177904,0
2019-12-19,sh.000001,3017.153,3021.417,3007.992,3017.065,3017.044,20862426368.0,220688293888.0,3,0.59643,1,0.000696,0
2019-12-20,sh.000001,3019.639,3027.483,3002.26,3004.937,3017.065,21507575552.0,223305035776.0,3,0.614849,1,-0.40198,0
2019-12-23,sh.000001,2999.035,3009.338,2960.435,2962.751,3004.937,20571661824.0,218484273152.0,3,0.587671,1,-1.40389,0
2019-12-24,sh.000001,2965.825,2983.819,2960.683,2982.68,2962.751,16303024896.0,167366668288.0,3,0.465892,1,0.672652,0
2019-12-25,sh.000001,2980.427,2988.292,2970.657,2981.88,2982.68,17565402880.0,189608562688.0,3,0.501541,1,-0.026822,0
2019-12-26,sh.000001,2981.248,3007.354,2980.396,3007.354,2981.88,18244042496.0,195586080768.0,3,0.520911,1,0.854293,0
2019-12-27,sh.000001,3006.851,3036.112,3003.63,3005.035,3007.354,24710277888.0,258118737920.0,3,0.705538,1,-0.077111,0
2019-12-30,sh.000001,2998.168,3041.396,2983.343,3040.023,3005.035,24806652928.0,267382992896.0,3,0.707919,1,1.164313,0
2019-12-31,sh.000001,3036.385,3051.677,3030.512,3050.124,3040.023,21742902272.0,226763993088.0,3,0.619515,1,0.332267,0
2020-01-02,sh.000001,3066.335,3098.1,3066.335,3085.197,3050.124,29247020800.0,327197122560.0,3,0.83333,1,1.149888,0
2020-01-03,sh.000001,3089.022,3093.819,3074.517,3083.785,3085.197,26149666816.0,289991708672.0,3,0.745078,1,-0.045767,0
2020-01-06,sh.000001,3070.908,3107.203,3065.308,3083.408,3083.785,31257584128.0,331182551040.0,3,0.888382,1,-0.012225,0
2020-01-07,sh.000001,3085.488,3105.45,3084.329,3104.801,3083.408,27658311168.0,288159227904.0,3,0.0,1,0.69381,0
2020-01-08,sh.000001,3094.238,3094.238,3059.131,3066.892,3104.801,29787255296.0,306517393408.0,3,0.84691,1,-1.22098,0
2020-01-09,sh.000001,3082.639,3097.329,3080.131,3094.881,3066.892,24343564800.0,271716020224.0,3,0.691776,1,0.912618,0
2020-01-10,sh.000001,3102.293,3105.224,3081.396,3092.29,3094.881,21044246272.0,241555668992.0,3,0.597972,1,-0.083719,0
2020-01-13,sh.000001,3091.493,3115.569,3075.383,3115.569,3092.29,21062100480.0,258524057600.0,3,0.598467,1,0.752808,0
2020-01-14,sh.000001,3120.666,3127.169,3105.604,3106.82,3115.569,22997377024.0,271542439936.0,3,0.653227,1,-0.280815,0
2020-01-15,sh.000001,3103.174,3107.942,3082.042,3090.037,3106.82,20231302400.0,232913444864.0,3,0.574618,1,-0.540199,0
2020-01-16,sh.000001,3095.734,3096.371,3070.884,3074.081,3090.037,20337547520.0,236843360256.0,3,0.577629,1,-0.516369,0
2020-01-17,sh.000001,3081.464,3091.951,3067.252,3075.495,3074.081,19030429952.0,242273046528.0,3,0.540477,1,0.045997,0
2020-01-20,sh.000001,3082.113,3096.31,3070.48,3095.787,3075.495,21049334016.0,271122456576.0,3,0.597671,1,0.659796,0
2020-01-21,sh.000001,3085.789,3085.789,3051.23,3052.141,3095.787,23483073792.0,286268096512.0,3,0.665647,1,-1.409852,0
2020-01-22,sh.000001,3038.486,3069.252,3006.267,3060.754,3052.141,22385286400.0,278456922112.0,3,0.634245,1,0.282195,0
2020-01-23,sh.000001,3037.952,3045.04,2955.346,2976.528,3060.754,27276323328.0,327490359296.0,3,0.772784,1,-2.751806,0
2020-02-03,sh.000001,2716.697,2766.577,2716.697,2746.605,2976.528,21591210240.0,257019596800.0,3,0.610417,1,-7.724537,0
2020-02-04,sh.000001,2685.269,2786.164,2685.269,2783.287,2746.605,36404620032.0,374068465664.0,3,1.029215,1,1.33554,0
2020-02-05,sh.000001,2792.371,2842.742,2778.864,2818.087,2783.287,30976182272.0,349184114688.0,3,0.875541,1,1.25032,0
2020-02-06,sh.000001,2826.885,2876.587,2807.609,2866.509,2818.087,31639214336.0,358582591488.0,3,0.894281,1,1.718258,0
2020-02-07,sh.000001,2858.932,2875.963,2838.77,2875.963,2866.509,30947964160.0,362384162816.0,3,0.87384,1,0.329809,0
2020-02-10,sh.000001,2860.499,2891.847,2851.05,2890.487,2875.963,29492978432.0,341520400384.0,3,0.833572,1,0.505013,0
2020-02-11,sh.000001,2894.541,2913.815,2882.242,2901.674,2890.487,26916833536.0,302956847104.0,3,0.759626,1,0.387028,0
2020-02-12,sh.000001,2895.556,2926.899,2892.424,2926.899,2901.674,24873342976.0,297534418944.0,3,0.701956,1,0.869326,0
2020-02-13,sh.000001,2927.144,2935.406,2901.242,2906.073,2926.899,27480484352.0,334526328832.0,3,0.775509,1,-0.711538,0
2020-02-14,sh.000001,2899.865,2926.942,2899.573,2917.007,2906.073,25065062656.0,308080369664.0,3,0.707292,1,0.376247,0
2020-02-17,sh.000001,2924.991,2983.637,2924.991,2983.622,2917.007,31319800832.0,367014338560.0,3,0.883068,1,2.283676,0
2020-02-18,sh.000001,2981.409,2990.6,2960.775,2984.971,2983.622,31166591232.0,374998560768.0,3,0.877975,1,0.045214,0
2020-02-19,sh.000001,2979.522,2998.271,2971.821,2975.401,2984.971,31514115072.0,381331161088.0,3,0.887751,1,-0.320606,0
2020-02-20,sh.000001,2981.88,3031.37,2968.445,3030.154,2975.401,34573288192.0,413761363968.0,3,0.973765,1,1.840189,0
2020-02-21,sh.000001,3022.245,3058.898,3020.141,3039.669,3030.154,36455727616.0,445062078464.0,3,1.026663,1,0.31401,0
2020-02-24,sh.000001,3027.892,3042.182,3007.355,3031.233,3039.669,37043004416.0,451601362944.0,3,1.042459,1,-0.27753,0
2020-02-25,sh.000001,2982.069,3016.945,2943.716,3013.05,3031.233,44162276096.0,513128644608.0,3,1.242997,1,-0.599855,0
2020-02-26,sh.000001,2978.419,3028.778,2974.942,2987.928,3013.05,46904955136.0,495341449216.0,3,1.32018,1,-0.833773,0
2020-02-27,sh.000001,2992.491,3009.457,2980.477,2991.328,2987.928,35052365824.0,395955642368.0,3,0.985601,1,0.113791,0
2020-02-28,sh.000001,2924.64,2948.126,2878.544,2880.303,2991.328,40121691392.0,432657776640.0,3,1.127917,1,-3.711562,0
2020-03-02,sh.000001,2899.31,2982.506,2899.31,2970.931,2880.303,36733336832.0,397244203008.0,3,1.031936,1,3.146475,0
2020-03-03,sh.000001,3006.888,3026.842,2976.623,2992.896,2970.931,41010804736.0,447053680640.0,3,1.152281,1,0.739331,0
2020-03-04,sh.000001,2981.806,3012.003,2974.358,3011.665,2992.896,35333827840.0,389893918720.0,3,0.992733,1,0.627118,0
2020-03-05,sh.000001,3036.154,3074.257,3022.926,3071.677,3011.665,44542580736.0,482770472960.0,3,1.25146,1,1.992652,0
2020-03-06,sh.000001,3039.939,3052.443,3029.463,3034.511,3071.677,36206153216.0,377388544000.0,3,1.017242,1,-1.209958,0
2020-03-09,sh.000001,2987.1805,2989.2051,2940.7138,2943.2907,3034.5113,41456073600.0,438143854609.8,3,1.163864,1,-3.006105,0
2020-03-10,sh.000001,2918.9347,3000.2963,2904.7989,2996.7618,2943.2907,39329664800.0,425017184790.9,3,1.104678,1,1.816711,0
2020-03-11,sh.000001,3001.7616,3010.0286,2968.5174,2968.5174,2996.7618,35247097000.0,378766618968.3,3,0.989854,1,-0.942497,0
2020-03-12,sh.000001,2936.0163,2944.4651,2906.2838,2923.4856,2968.5174,30777845700.0,328209202377.8,3,0.864258,1,-1.516979,0
2020-03-13,sh.000001,2804.2322,2910.8812,2799.9841,2887.4265,2923.4856,36645043600.0,393019665228.0,3,1.029012,1,-1.233428,0
2020-03-16,sh.000001,2897.3009,2898.0349,2784.6616,2789.2537,2887.4265,35187866500.0,375627000794.2,3,0.987385,1,-3.40001,0
2020-03-17,sh.000001,2796.284,2826.9068,2715.2213,2779.6407,2789.2537,30614967700.0,323012822799.1,3,0.859604,1,-0.344644,0
2020-03-18,sh.000001,2792.3221,2815.8737,2729.2423,2729.6185,2779.6407,28763249300.0,314897170509.9,3,0.817286,1,-1.799592,0
2020-03-19,sh.000001,2719.4063,2736.82,2646.8048,2702.1296,2728.7563,30230274700.0,330518008489.8,3,0.848656,1,-0.975782,0
2020-03-20,sh.000001,2727.0186,2751.8964,2702.4933,2745.6182,2702.1296,25201950700.0,281583369664.4,3,0.707357,1,1.609419,0
2020-03-23,sh.000001,2677.591,2703.3295,2656.5008,2660.1674,2745.6182,24982025000.0,268423241973.7,3,0.700984,1,-3.112261,0
2020-03-24,sh.000001,2703.0193,2723.4066,2667.1333,2722.4381,2660.1674,25702193000.0,278999306643.2,3,0.721127,1,2.340856,0
2020-03-25,sh.000001,2775.3032,2788.6354,2757.8016,2781.5913,2722.4381,27314446600.0,293191204398.7,3,0.766289,1,2.172802,0
2020-03-26,sh.000001,2761.8961,2788.5038,2753.4282,2764.9109,2781.5913,23408402200.0,248279785000.7,3,0.656562,1,-0.599671,0
2020-03-27,sh.000001,2792.9843,2805.5479,2771.7563,2772.2033,2764.9109,24076406600.0,253630725892.3,3,0.675247,1,0.263748,0
2020-03-30,sh.000001,2739.7191,2759.0989,2723.0543,2747.2138,2772.2033,23970660400.0,250687144232.8,3,0.671755,1,-0.901431,0
2020-03-31,sh.000001,2767.3072,2771.1683,2743.1154,2750.2962,2747.2138,21859867400.0,224271061569.1,3,0.612155,1,0.112201,0
2020-04-01,sh.000001,2743.5409,2773.3641,2731.0794,2734.5215,2750.2962,21725342700.0,225624646571.6,3,0.608331,1,-0.573564,0
2020-04-02,sh.000001,2720.2284,2780.6379,2719.9043,2780.6379,2734.5215,21786460000.0,233111575711.2,3,0.610033,1,1.686452,0
2020-04-03,sh.000001,2773.5764,2780.5868,2754.0731,2763.9874,2780.6379,20083740400.0,214062212038.2,3,0.562333,1,-0.598801,0
2020-04-07,sh.000001,2806.9676,2823.2767,2801.8386,2820.7634,2763.9874,27019818600.0,286627794328.1,3,0.756533,1,2.054134,0
2020-04-08,sh.000001,2805.9166,2823.2139,2800.2963,2815.3686,2820.7634,24351530500.0,253159668052.3,3,0.681617,1,-0.191253,0
2020-04-09,sh.000001,2825.8393,2832.395,2820.4326,2825.9036,2815.3686,23818484300.0,247392988028.6,3,0.666669,1,0.374196,0
2020-04-10,sh.000001,2827.1873,2833.0148,2789.9756,2796.6312,2825.9036,23345476800.0,246376307236.7,3,0.65325,1,-1.03586,0
2020-04-13,sh.000001,2784.5979,2792.8906,2774.0808,2783.0476,2796.6312,17712455400.0,184120284139.7,3,0.495585,1,-0.485713,0
2020-04-14,sh.000001,2794.801,2827.2981,2789.4279,2827.283,2783.0476,20269656900.0,223605697288.9,3,0.566983,1,1.589459,0
2020-04-15,sh.000001,2826.6618,2829.7503,2808.7039,2811.1741,2827.283,20562114600.0,231631632235.0,3,0.575178,1,-0.569766,0
2020-04-16,sh.000001,2798.4295,2823.3382,2796.8388,2819.935,2811.1741,20300377300.0,222432600865.7,3,0.567857,1,0.311646,0
2020-04-17,sh.000001,2835.5581,2854.9599,2830.0217,2838.4945,2819.935,24573675000.0,280025229139.5,3,0.687363,1,0.658153,0
2020-04-20,sh.000001,2840.4085,2852.99,2833.2615,2852.5528,2838.4945,21184707800.0,233759313193.0,3,0.592337,1,0.495273,0
2020-04-21,sh.000001,2842.2372,2842.2372,2808.0214,2827.0133,2852.5528,23323587000.0,248688585735.6,3,0.652142,1,-0.895321,0
2020-04-22,sh.000001,2814.0661,2843.9804,2808.4819,2843.9804,2827.0133,21732000000.0,232796777750.0,3,0.607554,1,0.600178,0
2020-04-23,sh.000001,2850.5104,2853.6357,2835.8961,2838.4994,2843.9804,24877903700.0,262662040531.8,3,0.695482,1,-0.192723,0
2020-04-24,sh.000001,2834.9387,2834.9387,2802.4989,2808.5293,2838.4994,23518507600.0,244122291476.8,3,0.657479,1,-1.055843,0
2020-04-27,sh.000001,2812.2422,2832.6662,2802.9579,2815.4947,2808.5293,21013098100.0,225293706288.5,3,0.587386,1,0.248009,0
2020-04-28,sh.000001,2819.9914,2821.745,2758.2459,2810.0243,2815.4947,25387274500.0,270534752615.1,3,0.709552,1,-0.194296,0
2020-04-29,sh.000001,2801.383,2831.7642,2800.7379,2822.4424,2810.0243,20206180700.0,222720221727.9,3,0.564729,1,0.441921,0
2020-04-30,sh.000001,2832.3843,2865.59,2832.3843,2860.0822,2822.4424,24245527800.0,277440934007.1,3,0.677603,1,1.33359,0
2020-05-06,sh.000001,2831.6326,2879.2634,2830.6536,2878.1402,2860.0822,24982661600.0,303890031004.9,3,0.698118,1,0.63138,0
2020-05-07,sh.000001,2876.4727,2882.0222,2864.5813,2871.5232,2878.1402,22673695700.0,268607485283.6,3,0.633494,1,-0.229905,0
2020-05-08,sh.000001,2882.7078,2903.7967,2879.2034,2895.3444,2871.5232,22682207500.0,276562716950.3,3,0.633614,1,0.829567,0
2020-05-11,sh.000001,2901.5739,2914.2838,2884.3806,2894.802,2895.3444,22512041000.0,271930641512.4,3,0.628746,1,-0.018734,0
2020-05-12,sh.000001,2894.6171,2897.9018,2871.23,2891.5564,2894.802,19708298500.0,238476218839.0,3,0.550155,1,-0.112118,0
2020-05-13,sh.000001,2882.9552,2900.2587,2875.5354,2898.0495,2891.5564,18506131000.0,223866906923.5,3,0.51659,1,0.224554,0
2020-05-14,sh.000001,2887.0577,2887.0577,2869.1832,2870.3422,2898.0495,19777620200.0,237336974703.0,3,0.553222,1,-0.956067,0
2020-05-15,sh.000001,2880.7067,2884.2199,2863.3698,2868.4587,2870.3422,18898359200.0,246878191080.5,3,0.528582,1,-0.065619,0
2020-05-18,sh.000001,2872.5244,2889.9795,2862.2709,2875.4176,2868.4587,22602288200.0,289089595543.4,3,0.63083,1,0.242601,0
2020-05-19,sh.000001,2897.6867,2900.2187,2887.5768,2898.576,2875.4176,19722240500.0,256277803071.8,3,0.551478,1,0.805393,0
2020-05-20,sh.000001,2896.4657,2896.4657,2876.1766,2883.7378,2898.576,21051998500.0,269176553624.7,3,0.588406,1,-0.511913,0
2020-05-21,sh.000001,2890.7213,2891.5177,2864.2073,2867.9237,2883.7378,20353203800.0,250569937552.8,3,0.568806,1,-0.548389,0
2020-05-22,sh.000001,2863.0462,2863.0462,2808.0177,2813.7654,2867.9237,20906371200.0,245229603697.9,3,0.584139,1,-1.888415,0
2020-05-25,sh.000001,2816.241,2821.4978,2802.4653,2817.9697,2813.7654,17288555700.0,202115352627.3,3,0.481992,1,0.149419,0
2020-05-26,sh.000001,2827.8967,2848.3371,2825.901,2846.5473,2817.9697,17456236900.0,207427833710.6,3,0.487589,1,1.01412,0
2020-05-27,sh.000001,2847.3198,2848.9965,2831.9281,2836.8036,2846.5473,19814934300.0,227934395739.0,3,0.553284,1,-0.342299,0
2020-05-28,sh.000001,2838.2072,2861.9241,2820.1455,2846.2217,2836.8036,20754601900.0,239234260636.0,3,0.579507,1,0.331997,0
2020-05-29,sh.000001,2835.584,2855.3756,2829.6271,2852.3512,2846.2217,20679280400.0,233798996642.7,3,0.577404,1,0.215356,0
2020-06-01,sh.000001,2871.9641,2917.1508,2871.9641,2915.4311,2852.3512,26019605000.0,307416215147.8,3,0.724798,1,2.211505,0
2020-06-02,sh.000001,2916.3168,2926.3588,2909.1277,2921.398,2915.4311,25610804900.0,294402745887.8,3,0.715065,1,0.204666,0
2020-06-03,sh.000001,2930.3906,2942.7597,2922.6612,2923.3711,2921.398,25566398000.0,300447817007.3,3,0.713645,1,0.06754,0
2020-06-04,sh.000001,2931.8376,2932.9677,2910.7516,2919.2506,2923.3711,22660587300.0,254345984480.0,3,0.632486,1,-0.14095,0
2020-06-05,sh.000001,2923.1891,2930.7993,2909.1181,2930.7993,2919.2506,21736067300.0,253141142477.6,3,0.606347,1,0.395605,0
2020-06-08,sh.000001,2941.9816,2950.0656,2934.2103,2937.7712,2930.7993,23112436000.0,274611815611.0,3,0.64301,1,0.237884,0
2020-06-09,sh.000001,2939.5351,2957.1186,2932.9385,2956.1116,2937.7712,20904858500.0,251414696240.0,3,0.582459,1,0.624296,0
2020-06-10,sh.000001,2951.2784,2951.3298,2934.8428,2943.7525,2956.1116,20792596900.0,243968496538.1,3,0.579331,1,-0.418086,0
2020-06-11,sh.000001,2939.7914,2952.651,2912.1932,2920.8968,2943.7525,23372294700.0,289023256107.0,3,0.650957,1,-0.776414,0
2020-06-12,sh.000001,2876.8029,2930.255,2872.6165,2919.7408,2920.8968,23600864200.0,274321726179.0,3,0.657264,1,-0.039577,0
2020-06-15,sh.000001,2908.2767,2922.5364,2890.0306,2890.0306,2919.7408,24320504600.0,293361556833.6,3,0.675546,1,-1.017563,0
2020-06-16,sh.000001,2912.8251,2931.7791,2909.1341,2931.7493,2890.0306,22331306500.0,270948558455.0,3,0.621542,1,1.443538,0
2020-06-17,sh.000001,2932.6708,2936.6162,2919.0353,2935.873,2931.7493,23465439100.0,278007110729.6,3,0.65298,1,0.140657,0
2020-06-18,sh.000001,2929.8799,2942.8983,2920.1054,2939.3151,2935.873,25869137700.0,289367727804.2,3,0.71958,1,0.117243,0
2020-06-19,sh.000001,2938.7887,2973.3164,2935.8239,2967.6341,2939.3151,26431396100.0,319089106631.7,3,0.735212,1,0.963456,0
2020-06-22,sh.000001,2966.9008,2983.4382,2959.035,2965.2717,2967.6341,26788383400.0,346028748359.1,3,0.745055,1,-0.079606,0
2020-06-23,sh.000001,2960.8875,2972.4025,2949.8469,2970.6203,2965.2717,22521220800.0,305378770529.9,3,0.625922,1,0.180375,0
2020-06-24,sh.000001,2972.9827,2982.9425,2971.2235,2979.5505,2970.6203,21320073200.0,297008784132.4,3,0.592415,1,0.300617,0
2020-06-29,sh.000001,2973.0757,2977.9122,2951.7702,2961.5164,2979.5505,22062272900.0,293886016005.3,3,0.612979,1,-0.605262,0
2020-06-30,sh.000001,2965.1054,2990.8253,2965.1054,2984.6741,2961.5164,21495721400.0,297312328413.8,3,0.597286,1,0.781954,0
2020-07-01,sh.000001,2991.1813,3026.1862,2984.9841,3025.981,2984.6741,27331314000.0,369883802297.0,3,0.759426,1,1.383967,0
2020-07-02,sh.000001,3023.7189,3092.4432,3021.6736,3090.5693,3025.981,39112799600.0,478216482346.4,3,1.086632,1,2.134458,0
2020-07-03,sh.000001,3103.9952,3152.8126,3103.9952,3152.8126,3090.5693,45879385100.0,535489334735.2,3,1.274521,1,2.013975,0
2020-07-06,sh.000001,3187.8393,3337.2723,3187.8393,3332.8807,3152.8126,64387890600.0,724153675701.0,3,1.786569,1,5.711348,0
2020-07-07,sh.000001,3380.9536,3407.0811,3336.2416,3345.3369,3332.8807,65784015900.0,793638372424.8,3,1.826065,1,0.373737,0
2020-07-08,sh.000001,3337.5518,3421.5312,3327.7062,3403.4401,3345.3369,58708168500.0,696807634537.9,3,1.629579,1,1.736842,0
2020-07-09,sh.000001,3403.4832,3456.9721,3393.6379,3450.5935,3403.4401,62000182300.0,751406830395.1,3,1.720796,1,1.385463,0
2020-07-10,sh.000001,3418.9347,3433.1085,3372.5066,3383.3222,3450.5935,55612001100.0,703197550444.5,3,1.543386,1,-1.949557,0
2020-07-13,sh.000001,3379.3867,3458.7914,3369.0378,3443.2863,3383.3222,55800687500.0,717397053099.2,3,1.546444,1,1.772344,0
2020-07-14,sh.000001,3435.0237,3451.2224,3366.0828,3414.6186,3443.2863,54321149200.0,707327005157.3,3,1.507134,1,-0.832568,0
2020-07-15,sh.000001,3422.0778,3432.4506,3345.7488,3361.3044,3414.6186,49203054200.0,674727409786.3,3,1.365131,1,-1.561352,0
2020-07-16,sh.000001,3356.359,3373.5317,3209.7272,3210.0986,3361.3044,49061312300.0,679468340648.5,3,1.361042,1,-4.498426,0
2020-07-17,sh.000001,3214.4022,3252.7786,3181.2745,3214.1287,3210.0986,35965241300.0,486536118269.0,3,0.997475,1,0.125544,0
2020-07-20,sh.000001,3243.9105,3314.149,3220.684,3314.149,3214.1287,41855530600.0,544045656232.3,3,1.159111,1,3.111895,0
2020-07-21,sh.000001,3330.5467,3336.6791,3300.5719,3320.8947,3314.149,35925202900.0,488862180370.5,3,0.995863,1,0.203542,0
2020-07-22,sh.000001,3315.1816,3381.9757,3311.7862,3333.1635,3320.8947,39333533500.0,540577040593.6,3,1.090166,1,0.369443,0
2020-07-23,sh.000001,3306.1489,3336.3002,3257.8269,3325.1102,3333.1635,40704249900.0,546887089707.7,3,1.151218,1,-0.241611,0
2020-07-24,sh.000001,3310.6449,3319.1268,3184.9645,3196.7684,3325.1102,42705402600.0,584311865016.6,3,1.207739,1,-3.859776,0
2020-07-27,sh.000001,3210.3863,3221.9846,3174.6583,3205.2268,3196.7684,29931902100.0,402231919288.9,3,0.829119,1,0.264592,0
2020-07-28,sh.000001,3226.1329,3245.2967,3208.4939,3227.9604,3205.2268,28937786100.0,389873696214.7,3,0.817955,1,0.709267,0
2020-07-29,sh.000001,3221.9883,3294.5521,3209.9902,3294.5521,3227.9604,32492406200.0,453094399515.5,3,0.918285,1,2.062965,0
2020-07-30,sh.000001,3299.5718,3312.4508,3282.1617,3286.822,3294.5521,34070412100.0,476974005608.8,3,0.962841,1,-0.234633,0
2020-07-31,sh.000001,3280.7959,3333.7859,3261.6135,3310.0065,3286.822,35375897900.0,495778040702.2,3,0.999587,1,0.705377,0
2020-08-03,sh.000001,3332.1826,3368.1028,3327.6773,3367.9658,3310.0065,40746086700.0,572430759824.7,3,1.12757,1,1.751033,0
2020-08-04,sh.000001,3376.4402,3391.0743,3352.5017,3371.6875,3367.9658,44232855100.0,604942141521.3,3,1.249419,1,0.110503,0
2020-08-05,sh.000001,3363.3324,3383.6365,3333.877,3377.5648,3371.6875,38582302700.0,526515054657.5,3,1.089812,1,0.174313,0
2020-08-06,sh.000001,3380.7621,3392.7048,3334.3341,3386.4631,3377.5648,41530251000.0,570488248065.2,3,1.172942,1,0.263453,0
2020-08-07,sh.000001,3370.5878,3374.133,3307.7127,3354.0352,3386.4631,40392963300.0,561435649551.0,3,1.140678,1,-0.957574,0
2020-08-10,sh.000001,3341.5276,3399.9323,3335.0427,3379.2524,3354.0352,38137963000.0,527083944584.7,3,1.053404,1,0.751847,0
2020-08-11,sh.000001,3379.4874,3409.0589,3336.0945,3340.29,3379.2524,40045270600.0,514020764101.4,3,1.130021,1,-1.152989,0
2020-08-12,sh.000001,3327.4929,3335.729,3263.2653,3319.2656,3340.29,37832895900.0,480731246079.0,3,1.067596,1,-0.629418,0
2020-08-13,sh.000001,3328.1754,3338.1518,3309.4629,3320.7261,3319.2656,32429127800.0,387162288598.3,3,0.915025,1,0.044001,0
2020-08-14,sh.000001,3315.6687,3362.0267,3302.7357,3360.0988,3320.7261,30599837600.0,367467421740.0,3,0.863395,1,1.185665,0
2020-08-17,sh.000001,3373.9018,3450.8987,3369.3742,3438.801,3360.0988,43459826000.0,537425075053.0,3,1.199713,1,2.342259,0
2020-08-18,sh.000001,3441.9337,3456.7206,3432.6402,3451.0894,3438.801,38072927500.0,493052155326.1,3,1.072958,1,0.357345,0
2020-08-19,sh.000001,3444.5646,3454.4613,3406.1642,3408.1288,3451.0894,40572221400.0,498262158316.3,3,1.14329,1,-1.244842,0
2020-08-20,sh.000001,3385.9645,3394.557,3352.7767,3363.8988,3408.1288,33560098200.0,401815550096.0,3,0.94541,1,-1.29778,0
2020-08-21,sh.000001,3380.2269,3393.9175,3358.0005,3380.6825,3363.8988,28748834000.0,361281752664.8,3,0.809851,1,0.498936,0
2020-08-24,sh.000001,3391.1132,3396.5663,3368.0258,3385.6383,3380.6825,26622784100.0,345683380014.8,3,0.734262,1,0.146592,0
2020-08-25,sh.000001,3392.8797,3408.8697,3364.1602,3373.5781,3385.6383,27711342100.0,355997790768.0,3,0.780096,1,-0.356216,0
2020-08-26,sh.000001,3371.8083,3382.6032,3320.1355,3329.7388,3373.5781,29445103600.0,381928906554.3,3,0.828902,1,-1.29949,0
2020-08-27,sh.000001,3333.4909,3351.8324,3312.9859,3350.1128,3329.7388,23709935300.0,317153391524.5,3,0.667422,1,0.61188,0
2020-08-28,sh.000001,3346.2893,3405.8768,3339.6494,3403.8066,3350.1128,27132554900.0,379367046371.3,3,0.763806,1,1.602746,0
2020-08-31,sh.000001,3416.5497,3442.7363,3395.4675,3395.6775,3403.8066,32347389000.0,436930125416.2,3,0.892028,1,-0.238824,0
2020-09-01,sh.000001,3389.7424,3410.6068,3381.7108,3410.6068,3395.6775,24699924900.0,326850955347.9,3,0.695129,1,0.439656,0
2020-09-02,sh.000001,3420.4693,3421.3959,3377.2111,3404.8017,3410.6068,26154631900.0,345638982329.5,3,0.736067,1,-0.170207,0
